{
  "seeds": [
    42,
    123,
    2026
  ],
  "nb_mains": 500,
  "resultats": {
    "aleatoire": [
      -68.16265060240964,
      -66.60642570281125,
      -70.52208835341365
    ],
    "call": [
      21.4859437751004,
      -45.92369477911646,
      29.37751004016064
    ],
    "raise": [
      -86.6566265060241,
      -65.9839357429719,
      -82.6706827309237
    ],
    "tag": [
      17.680722891566266,
      19.317269076305223,
      3.5040160642570277
    ],
    "lag": [
      -14.97991967871486,
      4.688755020080321,
      -7.2489959839357425
    ],
    "regulier": [
      10.72289156626506,
      30.170682730923698,
      11.325301204819276
    ]
  }
}