{
  "seed": 42,
  "nb_mains": 1000,
  "timestamp": "2026-04-25T09:57:32.448582",
  "resultats": {
    "aleatoire": -75.07507507507508,
    "call": -2.7977977977977972,
    "raise": -76.38138138138137,
    "tag": 5.950950950950951,
    "lag": -4.569569569569571,
    "regulier": 12.907907907907907
  }
}