{
  "seed": 123,
  "nb_mains": 1000,
  "timestamp": "2026-04-25T09:59:19.524025",
  "resultats": {
    "aleatoire": -69.15415415415416,
    "call": 43.35835835835835,
    "raise": -83.76376376376378,
    "tag": 10.580580580580582,
    "lag": -11.561561561561561,
    "regulier": 6.756756756756758
  }
}