{
  "seed": 2026,
  "nb_mains": 1000,
  "timestamp": "2026-04-25T10:01:10.687073",
  "resultats": {
    "aleatoire": -68.54354354354355,
    "call": 2.687687687687688,
    "raise": -71.74174174174175,
    "tag": 4.544544544544546,
    "lag": -4.654654654654656,
    "regulier": 20.000000000000004
  }
}