{
  "seed": 42,
  "nb_mains": 1000,
  "timestamp": "2026-04-25T14:56:05.035915",
  "resultats": {
    "aleatoire": -63.31831831831832,
    "call": -3.5585585585585595,
    "raise": -79.24924924924925,
    "tag": 18.618618618618623,
    "lag": -9.06906906906907,
    "regulier": 12.91291291291291
  }
}