{
  "seed": 123,
  "nb_mains": 1000,
  "timestamp": "2026-04-25T14:58:20.731021",
  "resultats": {
    "aleatoire": -67.22222222222223,
    "call": 16.516516516516518,
    "raise": -82.83783783783784,
    "tag": 9.969969969969968,
    "lag": 1.121121121121121,
    "regulier": 6.956956956956955
  }
}