{
  "seed": 2026,
  "nb_mains": 1000,
  "timestamp": "2026-04-25T15:00:33.961256",
  "resultats": {
    "aleatoire": -75.12512512512512,
    "call": -5.8858858858858865,
    "raise": -74.3993993993994,
    "tag": 16.93193193193193,
    "lag": -1.8868868868868873,
    "regulier": 10.615615615615615
  }
}